targetSpeed,actualSpeeds,actualTimes,speedFrac
0;0;0;0;0;0,0;0;0;0;0;0,0,1
-0.000175071;0.000240614;-0.000527388;0.000185646;0.000168402;-1.60016e-05,0;0;0;0;0;0,0.0162808,1
-0.000387433;0.000532227;-0.00116666;0.000412027;0.000372884;-3.54474e-05,0;0;0;0;0;0,0.0242809,1
-0.000681332;0.000935512;-0.00205084;0.000726698;0.000656115;-6.24003e-05,0;0;0;0;0;0,0.032281,1
-0.00105549;0.00144855;-0.0031758;0.00112908;0.001017;-9.67667e-05,-4.2491e-05;5.84274e-05;-0.000128053;4.49238e-05;4.0849e-05;-3.87972e-06,0.0402811,1
-0.00150863;0.00206941;-0.00453738;0.00161859;0.00145445;-0.000138453,-0.000681329;0.000935507;-0.00205083;0.000726694;0.000656112;-6.23999e-05,0.0482811,1
-0.00203946;0.00279618;-0.00613142;0.00219465;0.00196737;-0.000187365,-0.00105548;0.00144854;-0.00317579;0.00112907;0.001017;-9.67662e-05,0.0562811,1
-0.00264673;0.00362694;-0.00795381;0.00285669;0.00255467;-0.000243411,-0.00105548;0.00144854;-0.00317579;0.00112907;0.001017;-9.67662e-05,0.0642812,1
-0.00332916;0.00455977;-0.0100004;0.00360413;0.00321526;-0.000306497,-0.00150862;0.00206941;-0.00453737;0.00161859;0.00145445;-0.000138453,0.0722813,1
-0.00408545;0.00559275;-0.012267;0.00443639;0.00394804;-0.000376528,-0.00203946;0.00279618;-0.00613142;0.00219465;0.00196737;-0.000187365,0.0802813,1
-0.00491434;0.00672396;-0.0147495;0.00535289;0.00475193;-0.000453411,-0.00332915;0.00455976;-0.0100004;0.00360412;0.00321526;-0.000306496,0.0882814,1
-0.00581456;0.00795149;-0.0174438;0.00635306;0.00562583;-0.000537055,-0.00408545;0.00559275;-0.012267;0.00443639;0.00394804;-0.000376527,0.0962815,1
-0.00678482;0.00927339;-0.0203457;0.0074363;0.00656864;-0.000627363,-0.00408545;0.00559275;-0.012267;0.00443639;0.00394804;-0.000376527,0.104281,1
-0.00782384;0.0106878;-0.0234511;0.00860205;0.00757927;-0.000724243,-0.00491434;0.00672395;-0.0147495;0.00535288;0.00475192;-0.000453411,0.112281,1
-0.00893036;0.0121927;-0.0267558;0.00984974;0.00865664;-0.000827602,-0.00581455;0.00795147;-0.0174438;0.00635304;0.00562582;-0.000537054,0.120282,1
-0.0101031;0.0137862;-0.0302556;0.0111788;0.00979966;-0.000937346,-0.00782384;0.0106878;-0.0234511;0.00860205;0.00757927;-0.000724243,0.128282,1
-0.0113408;0.0154665;-0.0339465;0.0125886;0.0110072;-0.00105338,-0.00893035;0.0121927;-0.0267557;0.00984973;0.00865663;-0.000827601,0.136282,1
-0.0126421;0.0172316;-0.0378243;0.0140786;0.0122782;-0.00117561,-0.00893035;0.0121927;-0.0267557;0.00984973;0.00865663;-0.000827601,0.144282,1
-0.0140058;0.0190795;-0.0418848;0.0156482;0.0136116;-0.00130395,-0.0101031;0.0137862;-0.0302556;0.0111788;0.00979965;-0.000937345,0.152282,1
-0.0154306;0.0210084;-0.046124;0.0172969;0.0150063;-0.0014383,-0.0113408;0.0154665;-0.0339465;0.0125886;0.0110072;-0.00105338,0.160282,1
-0.0169153;0.0230163;-0.0505376;0.019024;0.0164611;-0.00157857,-0.0140058;0.0190795;-0.0418848;0.0156482;0.0136116;-0.00130395,0.168282,1
-0.0184585;0.0251013;-0.0551215;0.0208291;0.017975;-0.00172466,-0.0154306;0.0210083;-0.0461239;0.0172969;0.0150063;-0.0014383,0.176282,1
-0.020059;0.0272615;-0.0598716;0.0227114;0.0195469;-0.00187648,-0.0154306;0.0210083;-0.0461239;0.0172969;0.0150063;-0.0014383,0.184282,1
-0.0217155;0.029495;-0.0647837;0.0246704;0.0211758;-0.00203394,-0.0169153;0.0230163;-0.0505376;0.019024;0.0164611;-0.00157857,0.192282,1
-0.0234267;0.0317998;-0.0698537;0.0267056;0.0228604;-0.00219694,-0.0184585;0.0251013;-0.0551215;0.020829;0.017975;-0.00172466,0.200282,1
-0.0251914;0.034174;-0.0750774;0.0288164;0.0245997;-0.0023654,-0.0217155;0.029495;-0.0647837;0.0246704;0.0211758;-0.00203394,0.208282,1
-0.0270083;0.0366158;-0.0804506;0.0310021;0.0263927;-0.0025392,-0.0234267;0.0317998;-0.0698536;0.0267056;0.0228604;-0.00219694,0.216282,1
-0.028876;0.0391232;-0.0859694;0.0332623;0.0282382;-0.00271828,-0.0251914;0.034174;-0.0750773;0.0288164;0.0245997;-0.0023654,0.224282,1
-0.0307934;0.0416942;-0.0916295;0.0355963;0.0301352;-0.00290252,-0.0270082;0.0366158;-0.0804506;0.0310021;0.0263927;-0.0025392,0.232282,1
-0.0327591;0.044327;-0.0974267;0.0380036;0.0320825;-0.00309184,-0.028876;0.0391231;-0.0859694;0.0332623;0.0282382;-0.00271828,0.240282,1
-0.0347718;0.0470196;-0.103357;0.0404836;0.034079;-0.00328614,-0.0307934;0.0416942;-0.0916295;0.0355963;0.0301352;-0.00290252,0.248282,1
-0.0368304;0.0497701;-0.109416;0.0430357;0.0361237;-0.00348533,-0.0327591;0.0443269;-0.0974267;0.0380036;0.0320824;-0.00309184,0.256282,1
-0.0389335;0.0525766;-0.1156;0.0456593;0.0382155;-0.00368932,-0.0347718;0.0470196;-0.103357;0.0404836;0.034079;-0.00328614,0.264282,1
-0.0410798;0.0554373;-0.121904;0.0483539;0.0403534;-0.00389801,-0.0347718;0.0470196;-0.103357;0.0404836;0.034079;-0.00328614,0.272283,1
-0.0432681;0.05835;-0.128325;0.0511188;0.042536;-0.00411131,-0.0368304;0.0497701;-0.109416;0.0430356;0.0361237;-0.00348533,0.280283,1
-0.0454971;0.0613129;-0.134858;0.0539535;0.0447625;-0.00432912,-0.0389335;0.0525766;-0.1156;0.0456592;0.0382155;-0.00368931,0.288283,1
-0.0477694;0.0643294;-0.141511;0.0568625;0.0470356;-0.00455174,-0.0432681;0.05835;-0.128325;0.0511188;0.042536;-0.00411131,0.296296,1
-0.0500759;0.0673872;-0.148257;0.0598352;0.0493464;-0.00477831,-0.0454971;0.0613129;-0.134858;0.0539535;0.0447625;-0.00432912,0.304297,1
-0.0524193;0.0704894;-0.155102;0.0628759;0.0516978;-0.00500912,-0.0477654;0.0643242;-0.1415;0.0568574;0.0470316;-0.00455135,0.312297,1
-0.0547983;0.0736342;-0.162043;0.0659842;0.0540886;-0.00524406,-0.0500759;0.0673872;-0.148257;0.0598352;0.0493464;-0.00477831,0.320297,1
-0.0572116;0.0768196;-0.169076;0.0691593;0.0565177;-0.00548306,-0.0524193;0.0704894;-0.155102;0.0628759;0.0516978;-0.00500911,0.328297,1
-0.059658;0.0800437;-0.176196;0.0724008;0.0589841;-0.00572601,-0.0547983;0.0736341;-0.162043;0.0659841;0.0540886;-0.00524406,0.336297,1
-0.062136;0.0833046;-0.183399;0.075708;0.0614866;-0.00597281,-0.0572116;0.0768195;-0.169076;0.0691593;0.0565177;-0.00548306,0.344297,1
-0.0646445;0.0866003;-0.190681;0.0790803;0.0640242;-0.00622339,-0.0596579;0.0800437;-0.176196;0.0724007;0.0589841;-0.005726,0.352297,1
-0.0671823;0.089929;-0.198039;0.0825173;0.0665957;-0.00647764,-0.0596579;0.0800437;-0.176196;0.0724007;0.0589841;-0.005726,0.360297,1
-0.0697479;0.0932888;-0.205467;0.0860183;0.0692001;-0.00673547,-0.062136;0.0833045;-0.183399;0.0757079;0.0614866;-0.00597281,0.368297,1
-0.0723402;0.0966776;-0.212962;0.0895827;0.0718363;-0.00699679,-0.0646445;0.0866003;-0.190681;0.0790803;0.0640242;-0.00622339,0.376297,1
-0.0749578;0.100094;-0.22052;0.09321;0.0745032;-0.0072615,-0.0697479;0.0932887;-0.205467;0.0860183;0.0692001;-0.00673547,0.384297,1
-0.0775995;0.103535;-0.228136;0.0968995;0.0771997;-0.00752951,-0.0723402;0.0966776;-0.212962;0.0895827;0.0718363;-0.00699679,0.392297,1
-0.0802641;0.107;-0.235806;0.100651;0.0799246;-0.00780073,-0.0749578;0.100094;-0.22052;0.0932099;0.0745032;-0.0072615,0.400297,1
-0.0829501;0.110486;-0.243526;0.104463;0.082677;-0.00807506,-0.0775995;0.103535;-0.228135;0.0968995;0.0771996;-0.00752951,0.408297,1
-0.0856574;0.113992;-0.251295;0.108337;0.0854567;-0.0083525,-0.080264;0.107;-0.235806;0.100651;0.0799246;-0.00780072,0.4163,1
-0.0883827;0.117516;-0.259103;0.11227;0.0882606;-0.00863277,-0.0829501;0.110486;-0.243526;0.104463;0.082677;-0.00807505,0.4243,1
-0.0911257;0.121054;-0.266949;0.116263;0.0910887;-0.00891588,-0.0856564;0.113991;-0.251292;0.108336;0.0854557;-0.0083524,0.4323,1
-0.0938852;0.124607;-0.274828;0.120314;0.0939398;-0.00920173,-0.0883827;0.117516;-0.259103;0.11227;0.0882606;-0.00863277,0.4403,1
-0.0966597;0.128172;-0.282737;0.124423;0.0968129;-0.00949022,-0.0883827;0.117516;-0.259103;0.11227;0.0882606;-0.00863277,0.4483,1
-0.0994482;0.131746;-0.290671;0.12859;0.0997068;-0.00978126,-0.0911257;0.121054;-0.266949;0.116263;0.0910887;-0.00891588,0.4563,1
-0.102249;0.135328;-0.298626;0.132814;0.10262;-0.0100748,-0.0938851;0.124607;-0.274828;0.120314;0.0939398;-0.00920173,0.4643,1
-0.105062;0.138917;-0.306598;0.137095;0.105553;-0.0103706,-0.0994482;0.131746;-0.290671;0.12859;0.0997068;-0.00978126,0.4723,1
-0.107884;0.142509;-0.314583;0.141431;0.108503;-0.0106688,-0.102249;0.135328;-0.298626;0.132814;0.10262;-0.0100748,0.4803,1
-0.110715;0.146104;-0.322577;0.145823;0.111469;-0.0109691,-0.105062;0.138917;-0.306598;0.137095;0.105553;-0.0103706,0.488301,1
-0.113554;0.149699;-0.330575;0.15027;0.114451;-0.0112715,-0.107884;0.142509;-0.314583;0.141431;0.108503;-0.0106688,0.496301,1
-0.116399;0.153292;-0.338573;0.15477;0.117447;-0.0115759,-0.107884;0.142509;-0.314583;0.141431;0.108503;-0.0106688,0.504301,1
-0.119249;0.156882;-0.346568;0.159325;0.120456;-0.0118822,-0.110715;0.146104;-0.322577;0.145823;0.111469;-0.0109691,0.512301,1
-0.122102;0.160467;-0.354555;0.163932;0.123478;-0.0121903,-0.113554;0.149699;-0.330575;0.15027;0.114451;-0.0112715,0.520301,1
-0.124958;0.164044;-0.36253;0.168592;0.12651;-0.0125001,-0.119249;0.156882;-0.346568;0.159325;0.120456;-0.0118822,0.528301,1
-0.127818;0.167616;-0.370497;0.173309;0.129556;-0.0128118,-0.122102;0.160467;-0.354555;0.163932;0.123478;-0.0121903,0.536309,1
-0.130675;0.171172;-0.378435;0.178072;0.132607;-0.0131248,-0.122102;0.160467;-0.354555;0.163932;0.123478;-0.0121903,0.54431,1
-0.133533;0.17472;-0.386358;0.182891;0.13567;-0.0134395,-0.124958;0.164044;-0.36253;0.168592;0.12651;-0.0125001,0.552319,1
-0.136386;0.178248;-0.394243;0.187756;0.138735;-0.0137552,-0.127815;0.167612;-0.370488;0.173304;0.129553;-0.0128115,0.560319,1
-0.139245;0.181772;-0.402124;0.192687;0.141818;-0.0140733,-0.13353;0.174716;-0.386349;0.182886;0.135666;-0.0134391,0.568348,1
-0.142089;0.185265;-0.409939;0.19765;0.144894;-0.0143914,-0.136386;0.178248;-0.394243;0.187755;0.138735;-0.0137552,0.576348,1
-0.144925;0.188736;-0.417713;0.202661;0.147973;-0.0147106,-0.139235;0.181759;-0.402095;0.192669;0.141807;-0.0140722,0.584348,1
-0.147754;0.192185;-0.425442;0.20772;0.151054;-0.0150307,-0.139235;0.181759;-0.402095;0.192669;0.141807;-0.0140722,0.592348,1
-0.150574;0.19561;-0.433122;0.212827;0.154137;-0.0153517,-0.142089;0.185265;-0.409939;0.19765;0.144894;-0.0143914,0.600348,1
-0.153383;0.199007;-0.440748;0.217979;0.157219;-0.0156735,-0.144925;0.188736;-0.417713;0.202661;0.147973;-0.0147106,0.608348,1
-0.156181;0.202376;-0.448316;0.223178;0.160301;-0.0159959,-0.150574;0.19561;-0.433122;0.212826;0.154137;-0.0153517,0.616348,1
-0.158966;0.205715;-0.455823;0.228423;0.163381;-0.016319,-0.153383;0.199007;-0.440748;0.217979;0.157219;-0.0156735,0.624348,1
-0.161737;0.209021;-0.463264;0.233712;0.166457;-0.0166425,-0.156181;0.202376;-0.448316;0.223178;0.160301;-0.0159959,0.632348,1
-0.164492;0.212294;-0.470634;0.239046;0.169529;-0.0169665,-0.158966;0.205715;-0.455823;0.228423;0.163381;-0.016319,0.640349,1
-0.16723;0.215529;-0.477931;0.244424;0.172596;-0.0172907,-0.161737;0.209021;-0.463264;0.233712;0.166457;-0.0166425,0.648349,1
-0.16995;0.218727;-0.485149;0.249845;0.175656;-0.0176152,-0.164492;0.212293;-0.470634;0.239046;0.169529;-0.0169664,0.656349,1
-0.172651;0.221885;-0.492284;0.255308;0.178709;-0.0179397,-0.16723;0.215529;-0.477931;0.244424;0.172596;-0.0172907,0.664349,1
-0.175332;0.225001;-0.499333;0.260814;0.181753;-0.0182643,-0.16995;0.218727;-0.485149;0.249845;0.175656;-0.0176152,0.672349,1
-0.17799;0.228073;-0.506291;0.266361;0.184788;-0.0185889,-0.172651;0.221885;-0.492284;0.255308;0.178709;-0.0179397,0.680349,1
-0.180626;0.231099;-0.513154;0.271948;0.187811;-0.0189132,-0.172651;0.221885;-0.492284;0.255308;0.178709;-0.0179397,0.688349,1
-0.183237;0.234078;-0.519918;0.277577;0.190823;-0.0192374,-0.175332;0.225001;-0.499333;0.260814;0.181753;-0.0182643,0.696349,1
-0.185822;0.237007;-0.526578;0.283245;0.193821;-0.0195611,-0.17799;0.228073;-0.506291;0.266361;0.184788;-0.0185889,0.704349,1
-0.18838;0.239884;-0.533132;0.288952;0.196806;-0.0198845,-0.180626;0.231099;-0.513154;0.271948;0.187811;-0.0189132,0.712349,1
-0.19091;0.242708;-0.539573;0.294697;0.199775;-0.0202073,-0.185822;0.237007;-0.526578;0.283244;0.193821;-0.0195611,0.720349,1
-0.19341;0.245476;-0.545899;0.300481;0.202728;-0.0205295,-0.18838;0.239884;-0.533132;0.288952;0.196806;-0.0198845,0.728349,1
-0.19588;0.248188;-0.552106;0.306302;0.205664;-0.0208509,-0.19091;0.242708;-0.539573;0.294697;0.199775;-0.0202073,0.736349,1
-0.198317;0.25084;-0.558188;0.31216;0.208581;-0.0211716,-0.19341;0.245476;-0.545899;0.300481;0.202728;-0.0205295,0.744349,1
-0.200722;0.253431;-0.564142;0.318054;0.211479;-0.0214913,-0.19588;0.248188;-0.552105;0.306302;0.205664;-0.0208509,0.752349,1
-0.203091;0.255958;-0.569964;0.323984;0.214356;-0.02181,-0.198317;0.25084;-0.558188;0.31216;0.208581;-0.0211716,0.760349,1
-0.205425;0.258422;-0.57565;0.32995;0.217212;-0.0221277,-0.200722;0.253431;-0.564142;0.318054;0.211479;-0.0214913,0.76835,1
-0.207721;0.260817;-0.581195;0.335949;0.220044;-0.0224442,-0.203091;0.255958;-0.569964;0.323984;0.214356;-0.02181,0.77635,1
-0.209979;0.263145;-0.586595;0.341983;0.222852;-0.0227593,-0.203091;0.255958;-0.569964;0.323984;0.214356;-0.02181,0.78435,1
-0.212197;0.265401;-0.591847;0.34805;0.225636;-0.0230731,-0.205425;0.258421;-0.575649;0.329949;0.217211;-0.0221277,0.792351,1
-0.214374;0.267585;-0.596945;0.354149;0.228393;-0.0233854,-0.207721;0.260817;-0.581195;0.335949;0.220044;-0.0224442,0.800351,1
-0.216509;0.269694;-0.601886;0.360281;0.231123;-0.0236962,-0.212197;0.265401;-0.591847;0.34805;0.225636;-0.0230731,0.808351,1
-0.218601;0.271726;-0.606666;0.366445;0.233825;-0.0240053,-0.214374;0.267585;-0.596945;0.354149;0.228393;-0.0233854,0.816351,1
-0.22065;0.273683;-0.611288;0.372648;0.236501;-0.0243131,-0.216509;0.269694;-0.601886;0.360281;0.231123;-0.0236962,0.824362,1
-0.22265;0.275557;-0.615732;0.378873;0.239143;-0.0246186,-0.218601;0.271726;-0.606666;0.366445;0.233825;-0.0240053,0.832362,1
-0.224603;0.277349;-0.620004;0.385129;0.241754;-0.0249222,-0.220647;0.273681;-0.611281;0.372639;0.236498;-0.0243127,0.840362,1
-0.226507;0.279056;-0.624097;0.391413;0.244331;-0.0252237,-0.22265;0.275557;-0.615732;0.378873;0.239143;-0.0246186,0.848363,1
-0.228361;0.280677;-0.628008;0.397726;0.246875;-0.0255232,-0.224603;0.277348;-0.620004;0.385128;0.241754;-0.0249222,0.856363,1
-0.230164;0.282211;-0.631734;0.404069;0.249385;-0.0258205,-0.226507;0.279056;-0.624097;0.391413;0.244331;-0.0252237,0.864365,1
-0.231915;0.283654;-0.635269;0.410438;0.251858;-0.0261153,-0.228361;0.280677;-0.628008;0.397726;0.246875;-0.0255232,0.872365,1
-0.233611;0.285005;-0.63861;0.416834;0.254294;-0.0264078,-0.230164;0.28221;-0.631733;0.404067;0.249384;-0.0258204,0.880365,1
-0.235253;0.286263;-0.641751;0.423257;0.256692;-0.0266978,-0.231915;0.283654;-0.635269;0.410438;0.251858;-0.0261153,0.888365,1
-0.236838;0.287425;-0.64469;0.429705;0.259051;-0.0269852,-0.231915;0.283654;-0.635269;0.410438;0.251858;-0.0261153,0.896365,1
-0.238366;0.288489;-0.647424;0.436182;0.26137;-0.0272701,-0.233611;0.285005;-0.63861;0.416834;0.254294;-0.0264078,0.904369,1
-0.239835;0.289454;-0.649945;0.44268;0.263647;-0.027552,-0.235253;0.286263;-0.641751;0.423257;0.256692;-0.0266978,0.912369,1
-0.241243;0.290317;-0.652251;0.449202;0.265882;-0.0278311,-0.238365;0.288489;-0.647423;0.436178;0.261369;-0.0272699,0.920369,1
-0.24259;0.291077;-0.654338;0.455748;0.268072;-0.0281072,-0.239835;0.289454;-0.649945;0.44268;0.263647;-0.027552,0.92837,1
-0.243874;0.291731;-0.656201;0.462317;0.270219;-0.0283802,-0.241243;0.290317;-0.652251;0.449202;0.265882;-0.0278311,0.93637,1
-0.245094;0.292279;-0.657836;0.468908;0.272319;-0.0286501,-0.24259;0.291077;-0.654338;0.455748;0.268072;-0.0281072,0.94437,1
-0.246249;0.292717;-0.65924;0.475522;0.274372;-0.0289168,-0.243874;0.291731;-0.656201;0.462317;0.270219;-0.0283802,0.95237,1
-0.247338;0.293044;-0.660408;0.482156;0.276378;-0.0291801,-0.245094;0.292279;-0.657836;0.468908;0.272319;-0.0286501,0.96037,1
-0.248358;0.293258;-0.661336;0.488811;0.278334;-0.02944,-0.246249;0.292717;-0.65924;0.475522;0.274372;-0.0289168,0.96837,1
-0.24931;0.293357;-0.66202;0.495486;0.280241;-0.0296963,-0.247338;0.293044;-0.660408;0.482156;0.276378;-0.0291801,0.97637,1
-0.250191;0.293339;-0.662456;0.502181;0.282096;-0.029949,-0.248358;0.293258;-0.661336;0.488811;0.278334;-0.02944,0.98437,1
-0.251002;0.293203;-0.662639;0.50891;0.283903;-0.0301986,-0.24931;0.293357;-0.66202;0.495486;0.280241;-0.0296963,0.992389,1
-0.251738;0.292945;-0.662565;0.515642;0.285652;-0.0304438,-0.24931;0.293357;-0.66202;0.495486;0.280241;-0.0296963,1.00039,1
-0.2524;0.292565;-0.66223;0.522392;0.287347;-0.0306851,-0.250191;0.293339;-0.662456;0.502181;0.282096;-0.029949,1.00839,1
-0.252987;0.292061;-0.66163;0.529159;0.288986;-0.0309224,-0.251;0.293203;-0.662639;0.508894;0.283899;-0.0301981,1.01639,1
-0.253496;0.29143;-0.660761;0.535942;0.290568;-0.0311557,-0.2524;0.292565;-0.66223;0.522392;0.287347;-0.0306851,1.02439,1
-0.253928;0.290671;-0.659619;0.542742;0.292093;-0.0313847,-0.252987;0.292061;-0.66163;0.529159;0.288986;-0.0309224,1.03239,1
-0.25428;0.289781;-0.6582;0.549557;0.293558;-0.0316095,-0.253496;0.29143;-0.660761;0.535942;0.290568;-0.0311557,1.04039,1
-0.254552;0.28876;-0.656499;0.556387;0.294964;-0.0318299,-0.253928;0.290671;-0.659619;0.542742;0.292093;-0.0313847,1.04839,1
-0.254742;0.287604;-0.654513;0.563231;0.296309;-0.0320458,-0.25428;0.289781;-0.6582;0.549557;0.293558;-0.0316095,1.05639,1
-0.254849;0.286312;-0.652237;0.570089;0.297591;-0.0322572,-0.254552;0.28876;-0.656499;0.556387;0.294964;-0.0318299,1.06439,1
-0.254871;0.284882;-0.649667;0.57696;0.29881;-0.0324639,-0.254742;0.287604;-0.654513;0.563231;0.296309;-0.0320458,1.07239,1
-0.254807;0.283313;-0.646799;0.583844;0.299965;-0.0326659,-0.254742;0.287604;-0.654513;0.563231;0.296309;-0.0320458,1.08039,1
-0.254656;0.281594;-0.643615;0.590767;0.301059;-0.0328639,-0.254849;0.286312;-0.652237;0.570089;0.297591;-0.0322572,1.08842,1
-0.254417;0.279738;-0.640137;0.597674;0.302081;-0.0330561,-0.254871;0.284882;-0.649667;0.57696;0.29881;-0.0324639,1.09642,1
-0.254088;0.277737;-0.636349;0.604592;0.303036;-0.0332433,-0.254807;0.283313;-0.646799;0.583844;0.299965;-0.0326659,1.10442,1
-0.253669;0.275588;-0.632246;0.61152;0.303922;-0.0334253,-0.254657;0.281601;-0.643628;0.590739;0.301054;-0.0328631,1.11242,1
-0.253157;0.27329;-0.627824;0.618458;0.304739;-0.0336022,-0.254088;0.277737;-0.636349;0.604592;0.303036;-0.0332433,1.12042,1
-0.252553;0.27084;-0.623079;0.625405;0.305484;-0.0337738,-0.253669;0.275588;-0.632246;0.61152;0.303923;-0.0334253,1.12842,1
-0.251853;0.268237;-0.618008;0.63236;0.306158;-0.03394,-0.253157;0.27329;-0.627824;0.618458;0.304739;-0.0336022,1.13642,1
-0.251057;0.265479;-0.612605;0.639324;0.306758;-0.0341006,-0.252553;0.27084;-0.623079;0.625405;0.305484;-0.0337738,1.14442,1
-0.250165;0.262563;-0.606866;0.646295;0.307285;-0.0342557,-0.251853;0.268237;-0.618008;0.63236;0.306158;-0.03394,1.15242,1
-0.249174;0.259489;-0.600788;0.653272;0.307736;-0.0344051,-0.251058;0.265479;-0.612605;0.639324;0.306758;-0.0341006,1.16042,1
-0.248083;0.256253;-0.594367;0.660256;0.30811;-0.0345488,-0.250165;0.262563;-0.606866;0.646295;0.307285;-0.0342557,1.16842,1
-0.246891;0.252855;-0.587597;0.667246;0.308407;-0.0346866,-0.249174;0.259489;-0.600788;0.653272;0.307736;-0.0344051,1.17642,1
-0.245596;0.249292;-0.580476;0.67424;0.308626;-0.0348184,-0.248083;0.256253;-0.594367;0.660256;0.30811;-0.0345488,1.18442,1
-0.244198;0.245562;-0.572999;0.681239;0.308765;-0.0349442,-0.248083;0.256253;-0.594367;0.660256;0.30811;-0.0345488,1.19242,1
-0.242696;0.241663;-0.565161;0.688242;0.308823;-0.0350638,-0.246891;0.252855;-0.587597;0.667246;0.308407;-0.0346866,1.20042,1
-0.241087;0.237594;-0.556959;0.695248;0.3088;-0.0351772,-0.245596;0.249292;-0.580476;0.67424;0.308626;-0.0348184,1.20842,1
-0.23937;0.233352;-0.548389;0.702257;0.308693;-0.0352843,-0.242696;0.241663;-0.565161;0.688242;0.308823;-0.0350638,1.21642,1
-0.237545;0.228936;-0.539445;0.709268;0.308502;-0.0353849,-0.241087;0.237594;-0.556959;0.695248;0.3088;-0.0351772,1.22442,1
-0.23561;0.224343;-0.530125;0.716281;0.308227;-0.035479,-0.23937;0.233352;-0.548389;0.702257;0.308693;-0.0352843,1.23242,1
-0.233564;0.219572;-0.520425;0.723295;0.307865;-0.0355666,-0.23937;0.233352;-0.548389;0.702257;0.308693;-0.0352843,1.24042,1
-0.231405;0.214621;-0.510338;0.730309;0.307416;-0.0356474,-0.237545;0.228936;-0.539445;0.709268;0.308502;-0.0353849,1.24842,1
-0.229133;0.209488;-0.499863;0.737323;0.306878;-0.0357214,-0.23561;0.224343;-0.530125;0.716281;0.308227;-0.0354791,1.25642,1
-0.226745;0.204171;-0.488995;0.744336;0.306251;-0.0357885,-0.233564;0.219572;-0.520425;0.723295;0.307865;-0.0355666,1.26442,1
-0.224241;0.198668;-0.477728;0.751348;0.305534;-0.0358486,-0.229133;0.209488;-0.499863;0.737323;0.306878;-0.0357214,1.27242,1
-0.22162;0.192977;-0.466061;0.758359;0.304724;-0.0359017,-0.226745;0.204171;-0.488995;0.744336;0.306251;-0.0357885,1.28042,1
-0.218879;0.187096;-0.453987;0.765366;0.303822;-0.0359476,-0.224241;0.198668;-0.477728;0.751348;0.305534;-0.0358486,1.28842,1
-0.216018;0.181023;-0.441503;0.772371;0.302827;-0.0359862,-0.22162;0.192977;-0.466061;0.758358;0.304724;-0.0359017,1.29642,1
-0.213036;0.174757;-0.428605;0.779372;0.301736;-0.0360174,-0.218879;0.187096;-0.453987;0.765366;0.303822;-0.0359476,1.30442,1
-0.209931;0.168295;-0.415289;0.786369;0.300549;-0.0360412,-0.216018;0.181023;-0.441503;0.772371;0.302827;-0.0359862,1.31242,1
-0.206702;0.161636;-0.401551;0.793361;0.299265;-0.0360575,-0.213036;0.174757;-0.428605;0.779372;0.301736;-0.0360174,1.32042,1
-0.203348;0.154778;-0.387386;0.800348;0.297883;-0.0360661,-0.209931;0.168295;-0.415289;0.786369;0.300549;-0.0360412,1.32842,1
-0.199867;0.147718;-0.37279;0.807328;0.296401;-0.036067,-0.206702;0.161636;-0.401551;0.793361;0.299265;-0.0360575,1.33642,1
-0.196259;0.140455;-0.35776;0.814303;0.29482;-0.03606,-0.203348;0.154778;-0.387386;0.800347;0.297883;-0.0360661,1.34442,1
-0.192521;0.132986;-0.342291;0.82127;0.293136;-0.0360452,-0.199867;0.147718;-0.37279;0.807328;0.296401;-0.036067,1.35242,1
-0.188653;0.125311;-0.326378;0.828229;0.29135;-0.0360223,-0.196259;0.140455;-0.35776;0.814303;0.29482;-0.03606,1.36042,1
-0.184653;0.117427;-0.310018;0.835181;0.289461;-0.0359913,-0.192521;0.132986;-0.342291;0.82127;0.293136;-0.0360452,1.36842,1
-0.18052;0.109331;-0.293207;0.842123;0.287466;-0.0359521,-0.192521;0.132986;-0.342291;0.82127;0.293136;-0.0360452,1.37642,1
-0.176253;0.101023;-0.27594;0.849056;0.285366;-0.0359046,-0.188653;0.125311;-0.326378;0.828229;0.29135;-0.0360223,1.38442,1
-0.17185;0.0925004;-0.258214;0.855979;0.283159;-0.0358488,-0.184653;0.117427;-0.310018;0.835181;0.289461;-0.0359913,1.39242,1
-0.167311;0.0837609;-0.240024;0.862892;0.280844;-0.0357844,-0.176253;0.101023;-0.27594;0.849056;0.285366;-0.0359046,1.40042,1
-0.162634;0.0748028;-0.221365;0.869793;0.278419;-0.0357115,-0.17185;0.0925004;-0.258214;0.855979;0.283159;-0.0358488,1.40842,1
-0.157817;0.0656242;-0.202235;0.876683;0.275885;-0.0356299,-0.167311;0.0837609;-0.240024;0.862892;0.280844;-0.0357844,1.41642,1
-0.15286;0.0562232;-0.182628;0.88356;0.273239;-0.0355396,-0.162634;0.0748029;-0.221365;0.869793;0.278419;-0.0357115,1.42442,1
-0.147761;0.0465979;-0.162541;0.890425;0.270481;-0.0354403,-0.157817;0.0656243;-0.202235;0.876683;0.275885;-0.0356299,1.43242,1
-0.142518;0.0367463;-0.14197;0.897276;0.267609;-0.0353322,-0.15286;0.0562232;-0.182628;0.88356;0.273239;-0.0355396,1.44042,1
-0.137132;0.0266664;-0.12091;0.904113;0.264622;-0.035215,-0.15286;0.0562232;-0.182628;0.88356;0.273239;-0.0355396,1.44842,1
-0.131599;0.0163565;-0.0993566;0.910936;0.26152;-0.0350886,-0.15286;0.0562232;-0.182628;0.88356;0.273239;-0.0355396,1.45642,1
-0.12592;0.00581461;-0.0773065;0.917743;0.258301;-0.0349531,-0.147761;0.0465979;-0.162541;0.890425;0.270481;-0.0354403,1.46442,1
-0.120092;-0.00496132;-0.0547552;0.924535;0.254965;-0.0348082,-0.142518;0.0367463;-0.14197;0.897276;0.267609;-0.0353322,1.47242,1
-0.114115;-0.0159731;-0.0316987;0.93131;0.251509;-0.0346539,-0.142518;0.0367463;-0.14197;0.897276;0.267609;-0.0353322,1.48042,1
-0.107986;-0.0272227;-0.00813276;0.938068;0.247933;-0.0344901,-0.12592;0.00581462;-0.0773065;0.917743;0.258301;-0.0349531,1.48842,1
-0.101706;-0.038712;0.0159469;0.944809;0.244236;-0.0343167,-0.120092;-0.00496126;-0.0547553;0.924535;0.254965;-0.0348082,1.49642,1
-0.0952725;-0.0504429;0.0405441;0.951532;0.240417;-0.0341336,-0.107986;-0.0272226;-0.00813287;0.938068;0.247933;-0.0344901,1.50442,1
-0.0886842;-0.0624175;0.0656634;0.958236;0.236474;-0.0339406,-0.107986;-0.0272226;-0.00813287;0.938068;0.247933;-0.0344901,1.51242,1
-0.08194;-0.0746375;0.0913086;0.964921;0.232407;-0.0337379,-0.101706;-0.0387119;0.0159467;0.944809;0.244236;-0.0343167,1.52042,1
-0.0750191;-0.08714;0.117558;0.971605;0.228203;-0.0335245,-0.0952725;-0.0504429;0.040544;0.951532;0.240417;-0.0341336,1.52845,1
-0.0679587;-0.0998574;0.144269;0.97825;0.223884;-0.0333016,-0.0819401;-0.0746374;0.0913084;0.964921;0.232407;-0.0337379,1.53645,1
-0.0607386;-0.112826;0.171519;0.984874;0.219436;-0.0330686,-0.0819401;-0.0746374;0.0913084;0.964921;0.232407;-0.0337379,1.54445,1
-0.0533575;-0.126048;0.199311;0.991476;0.214861;-0.0328253,-0.0750386;-0.0871047;0.117484;0.971586;0.228215;-0.0335251,1.55245,1
-0.045814;-0.139525;0.22765;0.998056;0.210155;-0.0325717,-0.0679588;-0.0998573;0.144269;0.97825;0.223884;-0.0333016,1.56045,1
-0.0381069;-0.153259;0.25654;1.00461;0.205318;-0.0323076,-0.0679588;-0.0998573;0.144269;0.97825;0.223884;-0.0333016,1.56845,1
-0.030235;-0.167251;0.285984;1.01115;0.200349;-0.032033,-0.0533575;-0.126048;0.199311;0.991476;0.214861;-0.0328253,1.57645,1
-0.0221969;-0.181505;0.315989;1.01766;0.195247;-0.0317477,-0.0458141;-0.139525;0.227649;0.998056;0.210155;-0.0325717,1.58445,1
-0.0139728;-0.196054;0.346625;1.02416;0.189999;-0.0314511,-0.0302351;-0.167251;0.285984;1.01115;0.200349;-0.032033,1.59246,1
-0.00559822;-0.210836;0.377761;1.03062;0.184627;-0.0311443,-0.022197;-0.181505;0.315988;1.01766;0.195247;-0.0317477,1.60046,1
0.00294632;-0.225884;0.409469;1.03706;0.179118;-0.0308265,-0.0139915;-0.196021;0.346556;1.02414;0.190011;-0.0314518,1.60846,1
0.0116621;-0.241201;0.441752;1.04346;0.173472;-0.0304978,-0.00559834;-0.210836;0.377761;1.03062;0.184627;-0.0311443,1.61646,1
0.0205505;-0.256788;0.474616;1.04985;0.167688;-0.0301579,0.00294626;-0.225884;0.409469;1.03706;0.179118;-0.0308265,1.62446,1
0.0296126;-0.272648;0.508063;1.0562;0.161763;-0.0298069,0.0116621;-0.241201;0.441752;1.04346;0.173472;-0.0304978,1.63246,1
0.0388498;-0.288782;0.542099;1.06253;0.155698;-0.0294446,0.0205504;-0.256788;0.474615;1.04985;0.167688;-0.030158,1.64046,1
0.0482634;-0.305192;0.576726;1.06883;0.149491;-0.0290709,0.0205504;-0.256788;0.474615;1.04985;0.167688;-0.030158,1.64847,1
0.0578546;-0.32188;0.611951;1.0751;0.143141;-0.0286857,0.0296125;-0.272648;0.508063;1.0562;0.161763;-0.0298069,1.65647,1
0.0676247;-0.338848;0.647776;1.08134;0.136647;-0.028289,0.0388498;-0.288781;0.542099;1.06253;0.155698;-0.0294446,1.66447,1
0.0775751;-0.356098;0.684206;1.08755;0.130007;-0.0278806,0.0578545;-0.32188;0.611951;1.0751;0.143141;-0.0286857,1.67247,1
0.0877068;-0.373632;0.721244;1.09373;0.123222;-0.0274605,0.0676247;-0.338848;0.647776;1.08134;0.136647;-0.028289,1.68047,1
0.0980213;-0.391452;0.758896;1.09987;0.116289;-0.0270285,0.0676247;-0.338848;0.647776;1.08134;0.136647;-0.028289,1.68847,1
0.10852;-0.409559;0.797165;1.10599;0.109207;-0.0265845,0.0775749;-0.356098;0.684205;1.08755;0.130008;-0.0278806,1.69647,1
0.119204;-0.427957;0.836055;1.11207;0.101976;-0.0261285,0.0877068;-0.373632;0.721244;1.09373;0.123222;-0.0274605,1.70447,1
0.130074;-0.446645;0.875571;1.11812;0.0945947;-0.0256604,0.0877068;-0.373632;0.721244;1.09373;0.123222;-0.0274605,1.71247,1
0.141133;-0.465628;0.915716;1.12414;0.0870612;-0.0251801,0.10852;-0.409559;0.797164;1.10599;0.109207;-0.0265845,1.72047,1
0.15238;-0.484905;0.956495;1.13012;0.079375;-0.0246875,0.119204;-0.427956;0.836055;1.11207;0.101976;-0.0261286,1.72847,1
0.163818;-0.50448;0.997912;1.13607;0.0715349;-0.0241824,0.141132;-0.465627;0.915716;1.12414;0.0870613;-0.0251801,1.73647,1
0.175447;-0.524354;1.03997;1.14198;0.0635398;-0.0236649,0.15238;-0.484905;0.956495;1.13012;0.0793751;-0.0246875,1.74447,1
0.18727;-0.544529;1.08268;1.14786;0.0553885;-0.0231348,0.163818;-0.50448;0.997912;1.13607;0.0715349;-0.0241824,1.75247,1
0.199286;-0.565008;1.12603;1.1537;0.04708;-0.0225919,0.175447;-0.524354;1.03997;1.14198;0.0635398;-0.0236649,1.76047,1
0.211498;-0.585791;1.17004;1.1595;0.0386133;-0.0220363,0.187269;-0.544529;1.08268;1.14786;0.0553886;-0.0231348,1.76847,1
0.223907;-0.606881;1.21471;1.16526;0.0299871;-0.0214678,0.199286;-0.565008;1.12603;1.1537;0.0470801;-0.0225919,1.77647,1
0.236514;-0.628281;1.26004;1.17099;0.0212005;-0.0208864,0.199286;-0.565008;1.12603;1.1537;0.0470801;-0.0225919,1.78447,1
0.249321;-0.649991;1.30604;1.17668;0.0122523;-0.0202919,0.211498;-0.585791;1.17004;1.1595;0.0386133;-0.0220363,1.79247,1
0.262328;-0.672013;1.35271;1.18233;0.00314137;-0.0196842,0.223907;-0.606881;1.21471;1.16526;0.0299872;-0.0214678,1.80047,1
0.275537;-0.69435;1.40006;1.18794;-0.00613323;-0.0190633,0.249321;-0.64999;1.30604;1.17668;0.0122523;-0.0202919,1.80847,1
0.288949;-0.717004;1.44808;1.1935;-0.0155727;-0.018429,0.262328;-0.672013;1.35271;1.18233;0.00314148;-0.0196842,1.81647,1
0.302565;-0.739976;1.49679;1.19903;-0.0251782;-0.0177813,0.275537;-0.69435;1.40006;1.18793;-0.00613319;-0.0190633,1.82447,1
0.316388;-0.763269;1.54618;1.20451;-0.0349506;-0.01712,0.288949;-0.717004;1.44808;1.1935;-0.0155726;-0.018429,1.83247,1
0.330417;-0.786884;1.59627;1.20996;-0.0448912;-0.0164452,0.302565;-0.739976;1.49679;1.19903;-0.0251781;-0.0177813,1.84047,1
0.344654;-0.810823;1.64705;1.21535;-0.0550009;-0.0157566,0.316387;-0.763269;1.54618;1.20451;-0.0349505;-0.01712,1.84847,1
0.359101;-0.835088;1.69854;1.22071;-0.065281;-0.0150542,0.330417;-0.786884;1.59627;1.20996;-0.0448911;-0.0164452,1.85647,1
0.373759;-0.859681;1.75072;1.22602;-0.0757324;-0.0143379,0.344654;-0.810823;1.64705;1.21535;-0.0550009;-0.0157566,1.86447,1
0.388629;-0.884604;1.80362;1.23129;-0.0863564;-0.0136076,0.344654;-0.810823;1.64705;1.21535;-0.0550009;-0.0157566,1.87247,1
0.403712;-0.909859;1.85723;1.23651;-0.0971541;-0.0128633,0.359101;-0.835088;1.69854;1.22071;-0.0652809;-0.0150542,1.88047,1
0.41901;-0.935448;1.91155;1.24169;-0.108126;-0.0121047,0.373759;-0.859681;1.75072;1.22602;-0.0757324;-0.0143379,1.88847,1
0.434524;-0.961372;1.9666;1.24682;-0.119274;-0.0113319,0.388629;-0.884604;1.80362;1.23129;-0.0863563;-0.0136077,1.89647,1
0.450256;-0.987635;2.02237;1.2519;-0.130599;-0.0105446,0.41901;-0.935448;1.91155;1.24169;-0.108126;-0.0121047,1.90447,1
0.466205;-1.01424;2.07887;1.25693;-0.142102;-0.00974296,0.434524;-0.961372;1.9666;1.24682;-0.119274;-0.0113319,1.91247,1
0.482375;-1.04118;2.1361;1.26192;-0.153784;-0.00892672,0.450255;-0.987634;2.02237;1.2519;-0.130599;-0.0105446,1.92047,1
0.498765;-1.06847;2.19407;1.26686;-0.165646;-0.00809584,0.466205;-1.01424;2.07887;1.25693;-0.142102;-0.00974297,1.92847,1
0.515378;-1.0961;2.25279;1.27175;-0.177689;-0.0072502,0.482375;-1.04118;2.1361;1.26192;-0.153784;-0.00892673,1.93647,1
0.532214;-1.12408;2.31224;1.27659;-0.189915;-0.00638973,0.498765;-1.06847;2.19407;1.26686;-0.165646;-0.00809584,1.94447,1
0.549275;-1.15241;2.37245;1.28138;-0.202324;-0.00551432,0.515378;-1.0961;2.25279;1.27175;-0.177689;-0.00725021,1.95247,1
0.566569;-1.18109;2.43343;1.28612;-0.214921;-0.0046236,0.532214;-1.12408;2.31224;1.27659;-0.189915;-0.00638973,1.96047,1
0.584083;-1.21013;2.49515;1.2908;-0.2277;-0.00371804,0.549275;-1.15241;2.37245;1.28138;-0.202324;-0.00551433,1.96847,1
0.601827;-1.23951;2.55763;1.29544;-0.240666;-0.00279728,0.566563;-1.18108;2.43341;1.28611;-0.214917;-0.0046239,1.97647,1
0.619801;-1.26926;2.62088;1.30002;-0.25382;-0.0018612,0.566563;-1.18108;2.43341;1.28611;-0.214917;-0.0046239,1.98447,1
0.638005;-1.29936;2.6849;1.30455;-0.267162;-0.000909722,0.584083;-1.21013;2.49515;1.2908;-0.2277;-0.00371805,1.99247,1
